step	chapter	title_en	title_zh	editable_methods	test_class	prerequisites
1	1	Record encoding and decoding	记录编解码	RecordCodec.encode;RecordCodec.decode	Step01Test	-
2	1	Log append	日志追加	SegmentLog.append	Step02Test	1
3	1	Offset-based reads	按位点读取	SegmentLog.readFrom	Step03Test	2
4	1	Crash recovery	崩溃恢复	SegmentLog.recover	Step04Test	3
5	2	Sparse index	稀疏索引	SparseIndex.add;SparseIndex.floor;SparseIndex.rebuild	Step05Test	4
6	2	Segmented log	分段日志	PartitionLog.append;PartitionLog.read	Step06Test	5
7	2	Log retention	日志保留	PartitionLog.deleteBefore	Step07Test	6
8	2	Tail truncation	尾部截断	PartitionLog.truncateTo	Step08Test	7
9	3	Partition routing	分区路由	Partitioner.choose	Step09Test	8
10	3	Topic metadata	主题元数据	PartitionCatalog.createTopic;PartitionCatalog.metadata	Step10Test	9
11	3	TCP framing	TCP帧协议	FrameCodec.write;FrameCodec.read	Step11Test	10
12	3	Single-broker requests	单机broker	BrokerHandler.handle	Step12Test	11
13	4	Batched producer	批量生产者	SimpleProducer.send;SimpleProducer.flush	Step13Test	12
14	4	Pull-based consumer	拉取消费者	SimpleConsumer.assign;SimpleConsumer.seek;SimpleConsumer.poll	Step14Test	13
15	4	Consumer offset persistence	消费位点持久化	OffsetStore.commit;OffsetStore.fetch;SimpleConsumer.resume;SimpleConsumer.commitSync;BrokerHandler.handle(COMMIT_OFFSET/FETCH_OFFSET)	Step15Test	14
16	4	At-least-once processing	至少一次处理	ProcessingLoop.runOnce	Step16Test	15
17	5	Partition assignment	分区分配	RoundRobinAssignor.assign	Step17Test	16
18	5	Membership and rebalancing	成员与重平衡	GroupCoordinator.join;GroupCoordinator.leave;GroupCoordinator.assignment;BrokerHandler.handle(JOIN_GROUP/LEAVE_GROUP/GROUP_ASSIGNMENT)	Step18Test	17
19	5	Heartbeats and expiration	心跳与过期	GroupCoordinator.heartbeat;GroupCoordinator.expire;BrokerHandler.handle(HEARTBEAT)	Step19Test	18
20	5	Consumer group fencing	消费组围栏	GroupCoordinator.validate;GroupConsumer.subscribe;GroupConsumer.poll;GroupConsumer.commitSync;BrokerHandler.handle(FETCH/COMMIT_TOKEN_FENCING)	Step20Test	19
21	6	Fetch-based replication	拉取复制	FollowerReplicator.pollOnce;BrokerHandler.handle(REPLICA_FETCH)	Step21Test	20
22	6	ISR and high watermark	ISR与高水位	ReplicationTracker.report;ReplicationTracker.expireLagging;ReplicationTracker.advanceHighWatermark	Step22Test	21
23	6	Produce acknowledgments	生产确认	AckPolicy.validateBeforeAppend;AckPolicy.await	Step23Test	22
24	6	Concurrent replicated broker	并发副本broker	ReplicatedPartition.produce;ReplicatedPartition.fetch	Step24Test	23
25	7	Clean election and leader epochs	干净选举与epoch	LeaderElection.elect;LeaderElection.checkLeader	Step25Test	24
26	7	Divergent log reconciliation	分叉日志修复	ReplicaReconciler.reconcile	Step26Test	25
27	7	Metadata routing refresh	元数据路由刷新	MetadataRouter.refresh;MetadataRouter.call	Step27Test	26
28	7	Replica readmission to ISR	副本重新入ISR	ReplicaAdmission.tryAdd	Step28Test	27
